-- E2E test seed data
TRUNCATE product.categories CASCADE;
TRUNCATE branch.branches CASCADE;

INSERT INTO branch.branches (id, name, address, lat, lng, status) VALUES
  ('00000000-0000-0000-0000-000000000001', 'Bakerio Quận 1', '65 Lê Lợi, Quận 1', 10.77, 106.70, 'active'),
  ('00000000-0000-0000-0000-000000000002', 'Bakerio Hoàn Kiếm', '12 Hàng Bài, Hoàn Kiếm', 21.02, 105.85, 'active'),
  ('00000000-0000-0000-0000-000000000003', 'Bakerio Phú Nhuận', '100 Phan Xích Long', 10.80, 106.68, 'active');

INSERT INTO product.categories (id, name, slug, sort_order, is_active) VALUES
  ('00000000-0000-0000-0000-000000000011', 'Cakes', 'cakes', 1, true),
  ('00000000-0000-0000-0000-000000000012', 'Pastries', 'pastries', 2, true);

INSERT INTO product.products (id, name, slug, category_id, price, sort_order, is_active) VALUES
  ('00000000-0000-0000-0000-000000000101', 'Traditional Croissant', 'traditional-croissant', '00000000-0000-0000-0000-000000000012', 45000.00, 1, true),
  ('00000000-0000-0000-0000-000000000102', 'Sourdough Bread', 'sourdough-bread', '00000000-0000-0000-0000-000000000012', 85000.00, 2, true),
  ('00000000-0000-0000-0000-000000000103', 'Chocolate Croissant', 'chocolate-croissant', '00000000-0000-0000-0000-000000000012', 50000.00, 3, true),
  ('00000000-0000-0000-0000-000000000104', 'Red Velvet Cake', 'red-velvet-cake', '00000000-0000-0000-0000-000000000011', 350000.00, 4, true);

INSERT INTO product.branch_products (product_id, branch_id, is_active) VALUES
  ('00000000-0000-0000-0000-000000000101', '00000000-0000-0000-0000-000000000001', true),
  ('00000000-0000-0000-0000-000000000101', '00000000-0000-0000-0000-000000000002', true),
  ('00000000-0000-0000-0000-000000000101', '00000000-0000-0000-0000-000000000003', true),
  ('00000000-0000-0000-0000-000000000102', '00000000-0000-0000-0000-000000000001', true),
  ('00000000-0000-0000-0000-000000000102', '00000000-0000-0000-0000-000000000002', true),
  ('00000000-0000-0000-0000-000000000102', '00000000-0000-0000-0000-000000000003', true),
  ('00000000-0000-0000-0000-000000000103', '00000000-0000-0000-0000-000000000001', true),
  ('00000000-0000-0000-0000-000000000103', '00000000-0000-0000-0000-000000000002', true),
  ('00000000-0000-0000-0000-000000000103', '00000000-0000-0000-0000-000000000003', true),
  ('00000000-0000-0000-0000-000000000104', '00000000-0000-0000-0000-000000000001', true),
  ('00000000-0000-0000-0000-000000000104', '00000000-0000-0000-0000-000000000002', true),
  ('00000000-0000-0000-0000-000000000104', '00000000-0000-0000-0000-000000000003', true);
